subID,filter1,filter2,filter3,dim1,dim2,dim3,dim4,dim5,dim6,dim7,dim8
1,0,0,0,10,51,102,4,16,61,39,15
2,0,0,0,36,13,223,0,0,13,13,0
3,0,0,0,42,25,189,0,9,16,17,0
4,0,0,0,41,41,162,0,24,11,18,1
5,0,0,0,78,25,170,0,11,0,14,0
6,0,0,0,26,35,127,5,8,49,32,16
7,0,0,0,5,35,90,1,4,94,32,37
8,0,0,0,18,41,87,17,25,53,33,24
9,0,0,0,41,24,181,5,10,11,20,6
10,0,0,0,19,39,169,0,4,32,35,0
11,0,0,0,7,24,88,16,10,77,30,46
12,0,0,0,32,36,132,4,11,44,29,10
13,0,0,0,16,40,145,5,14,35,31,12
14,0,0,0,4,39,182,0,0,34,39,0
15,0,0,0,10,45,127,2,7,67,40,0
16,0,0,0,1,49,137,2,7,51,44,7
17,0,0,0,29,34,68,13,35,39,12,68
18,0,0,0,8,38,180,0,1,34,37,0
19,0,0,0,31,28,155,0,1,56,27,0
20,0,0,0,6,41,157,2,1,39,43,9
21,0,0,0,33,29,127,9,8,46,31,15
22,0,0,0,43,29,154,0,5,39,25,3
23,0,0,0,4,39,112,2,2,101,38,0
24,0,0,0,29,33,176,0,6,27,27,0
25,0,0,0,15,38,172,1,4,29,35,4
26,0,0,0,31,31,133,11,10,39,32,11
27,0,0,0,82,21,126,3,13,40,12,1
28,0,0,0,20,43,137,1,5,53,39,0
29,0,0,0,33,24,200,0,7,17,17,0
30,0,0,0,64,23,91,22,14,43,31,10
31,0,0,0,46,26,170,2,6,25,22,1
32,0,0,0,59,39,152,0,21,8,19,0
33,0,0,0,23,39,142,0,12,51,27,4
34,0,0,0,4,48,151,1,1,45,47,1
35,0,0,0,19,39,153,0,9,45,30,3
36,0,0,0,22,40,148,0,0,45,41,2
37,0,0,0,34,22,183,2,2,26,23,6
38,0,0,0,8,38,135,10,11,48,37,11
39,0,0,0,2,37,94,14,13,90,38,10
40,0,0,0,71,18,167,0,7,21,12,2
41,0,0,0,1,40,141,2,5,66,38,5
42,0,0,0,35,25,173,0,5,40,20,0
43,0,0,0,3,42,141,1,6,66,37,2
44,0,0,0,79,25,166,0,14,3,11,0
45,0,0,0,25,66,125,2,35,13,32,0
46,0,0,0,32,38,169,0,18,20,21,0
47,1,1,1,0,10,0,7,15,120,2,144
48,0,0,0,37,25,195,0,11,15,15,0
49,0,0,0,81,22,170,0,10,3,12,0
50,0,0,0,21,34,134,4,6,45,31,23
51,0,0,0,26,37,158,3,17,34,23,0
52,0,0,0,2,25,45,44,11,74,58,39
53,0,0,0,31,38,166,2,10,19,31,1
54,0,0,0,30,32,148,1,10,41,24,12
55,0,0,0,51,25,163,2,1,29,26,1
56,0,0,0,5,49,146,2,4,45,46,1
57,0,0,0,40,30,146,3,9,32,24,14
58,0,0,0,54,26,172,0,6,20,20,0
59,0,0,0,18,47,119,2,10,58,40,4
60,0,0,0,8,45,136,0,9,63,36,1
61,0,0,0,18,45,133,0,10,56,34,2
62,0,0,0,0,44,130,1,5,70,41,7
63,0,0,0,51,25,173,0,7,23,19,0
64,0,0,0,37,29,169,3,9,23,23,5
65,0,0,0,33,27,175,0,4,35,24,0
66,0,0,0,21,15,189,1,2,30,14,26
67,0,0,0,1,53,144,0,4,46,50,0
68,0,0,0,45,29,57,12,29,42,12,72
69,0,0,0,40,32,149,6,11,30,26,4
70,0,0,0,87,24,147,5,15,6,14,0
71,0,0,0,12,28,103,9,6,64,31,45
72,0,0,0,55,28,181,0,19,6,9,0
73,0,0,0,57,23,175,1,5,19,18,0
74,0,0,0,1,39,179,4,0,31,44,0
75,0,0,0,31,28,202,0,6,9,22,0
76,0,0,0,4,44,142,3,6,53,41,5
77,0,0,0,18,36,162,1,9,39,28,5
78,0,0,0,2,50,111,4,7,71,47,6
79,0,0,0,18,38,144,9,21,29,26,13
80,0,0,0,16,26,89,8,8,74,26,51
81,0,0,0,10,35,141,14,5,43,44,6
82,0,0,0,71,24,175,0,13,4,11,0
83,0,0,0,73,9,198,3,7,3,5,0
84,0,0,0,0,41,168,2,5,41,39,2
85,0,0,0,3,43,101,5,4,71,43,28
86,1,1,1,8,19,2,39,25,73,33,99
87,0,0,0,71,23,173,0,8,7,16,0
88,0,0,0,63,24,178,0,12,8,13,0
89,0,0,0,52,26,171,0,2,22,24,1
90,0,0,0,27,37,162,0,13,34,24,1
91,0,0,0,5,35,138,13,7,42,42,16
92,0,0,0,26,50,123,1,14,47,36,1
93,0,0,0,0,37,164,1,1,58,37,0
94,0,0,0,9,40,134,7,16,38,30,24
95,0,0,0,24,30,178,2,2,32,30,0
96,0,0,0,0,44,141,0,1,68,43,1
97,0,0,0,28,30,180,2,5,21,27,5
98,0,0,0,9,40,124,17,7,40,49,12
99,0,0,0,10,47,142,7,6,38,48,0
100,0,0,0,5,41,88,17,8,85,50,4
101,0,0,0,9,38,182,1,8,29,31,0
102,0,0,0,30,42,134,0,14,49,29,0
103,0,0,0,81,38,126,0,22,16,15,0
104,0,0,0,0,42,120,0,0,94,41,1
105,0,0,0,67,19,153,9,12,17,17,4
106,0,0,0,4,44,161,0,2,45,42,0
107,0,0,0,12,34,125,6,9,66,31,15
108,0,0,0,0,42,123,0,1,90,42,0
109,0,0,0,2,49,153,0,3,44,45,2
110,0,0,0,26,10,236,0,0,14,11,1
111,0,0,0,69,21,181,0,11,5,11,0
112,0,0,0,1,49,132,0,0,65,50,1
113,0,0,0,27,38,168,1,9,25,30,0
114,0,0,0,56,36,157,1,18,11,19,0
115,0,0,0,18,48,127,3,16,40,35,11
116,0,0,0,14,40,122,12,9,44,42,15
117,0,0,0,6,41,113,19,10,52,50,7
118,0,0,1,13,21,17,18,18,94,21,96
119,0,0,0,19,32,171,0,2,43,31,0
120,0,0,0,31,27,180,4,8,23,24,1
121,0,0,0,52,25,187,0,14,9,11,0
122,0,0,0,10,37,176,1,3,36,35,0
123,0,0,0,3,42,153,5,1,47,47,0
124,0,0,0,3,50,118,7,4,63,53,0
125,0,0,0,56,25,147,1,4,38,21,6
126,0,0,1,3,17,7,8,13,122,11,117
127,0,0,0,61,26,179,0,11,6,15,0
128,0,0,0,21,31,48,16,11,84,37,50
129,0,0,0,2,31,200,0,0,34,31,0
130,0,0,1,1,7,0,2,4,169,5,110
131,0,0,0,39,22,198,0,3,17,19,0
132,0,0,0,15,35,170,3,9,30,30,6
133,0,0,1,0,20,28,16,1,103,36,94
134,0,0,0,8,37,174,0,0,41,38,0
135,0,0,0,17,41,162,3,13,30,31,1
136,0,0,0,57,35,164,0,17,6,19,0
137,0,0,0,24,30,152,5,16,44,20,7
138,0,0,0,43,15,204,2,3,15,15,1
139,0,0,1,14,34,14,33,34,74,33,62
140,0,0,0,7,48,102,2,6,76,43,14
141,1,1,1,2,5,0,3,8,123,0,157
142,0,0,0,76,15,181,0,8,11,7,0
143,0,0,0,37,24,200,0,3,13,21,0
144,0,0,0,55,35,149,1,14,17,23,4
145,0,0,0,28,30,185,0,2,24,29,0
146,0,0,0,48,36,158,2,14,14,25,1
147,0,0,0,6,33,159,9,11,29,32,19
148,0,0,0,6,44,120,5,4,69,45,5
149,0,0,0,76,23,158,0,10,18,13,0
150,0,0,0,6,46,146,0,2,53,44,1
151,0,0,0,40,31,175,0,6,22,24,0
152,0,0,0,13,43,35,32,20,78,55,22
153,0,0,1,2,12,14,18,13,105,18,116
154,0,0,0,50,37,140,1,5,28,33,4
155,0,0,0,77,18,173,2,12,7,8,1
156,0,0,0,46,15,220,0,5,2,10,0
157,0,0,0,46,38,149,0,11,27,27,0
158,0,0,0,2,40,95,20,11,47,50,33
159,0,0,0,52,18,204,1,8,4,11,0
160,0,0,0,9,45,142,1,8,53,39,1
161,0,0,0,5,49,139,0,5,56,44,0
162,0,0,0,21,34,169,1,3,34,33,3
163,0,0,0,3,48,130,1,2,63,48,3
164,0,0,0,63,25,167,0,16,18,8,1
165,0,0,0,51,20,153,0,6,33,15,20
166,0,0,0,44,25,174,1,5,26,21,2
167,0,0,0,8,35,152,5,3,37,37,21
168,0,0,0,24,39,143,0,8,48,32,4
169,0,0,0,53,23,180,0,9,17,15,1
170,0,0,0,29,38,140,4,12,41,30,4
171,0,0,0,73,22,174,0,10,7,12,0
172,0,0,0,5,43,184,0,7,23,36,0
173,0,0,0,87,19,166,1,10,5,10,0
174,0,0,0,6,33,79,12,7,99,38,24
175,0,0,0,1,34,202,2,2,23,34,0
176,0,0,0,100,36,126,0,22,0,14,0
177,0,0,0,17,42,136,2,7,47,38,9
178,0,0,0,29,28,193,2,10,14,19,3
179,0,0,1,0,5,4,7,3,90,9,180
180,0,0,0,21,43,137,1,14,50,31,1
181,0,0,0,4,26,85,10,9,65,28,71
182,0,0,0,3,42,126,9,8,56,44,10
183,0,0,0,1,35,122,3,3,56,36,42
184,0,0,0,44,34,157,1,11,26,25,0
185,0,0,0,37,18,205,3,3,13,18,1
186,0,0,0,4,46,162,2,3,34,44,3
187,0,0,0,24,38,170,1,6,25,33,1
188,0,0,0,16,31,129,16,6,38,41,21
189,0,0,0,9,46,163,3,9,24,40,4
190,0,0,0,18,39,87,7,8,75,39,25
191,0,0,0,63,22,182,0,6,8,17,0
192,0,0,0,13,30,49,30,9,81,51,35
193,0,0,0,10,30,82,11,19,80,22,44
194,0,0,0,3,31,152,7,1,49,38,17
195,0,0,0,52,39,136,5,16,21,28,1
196,0,0,0,4,43,118,5,2,69,46,11
197,0,0,0,0,38,104,19,10,73,48,6
198,0,0,0,27,27,180,0,5,37,22,0
199,0,0,0,49,51,141,0,33,6,18,0
200,0,0,0,36,26,180,0,4,30,22,0
201,0,0,1,9,11,53,8,12,112,7,86
202,0,0,0,10,41,137,1,5,62,37,5
203,0,0,0,6,51,124,0,1,66,50,0
204,0,0,0,33,24,188,1,4,25,21,2
205,0,0,0,36,35,169,1,1,17,36,3
206,0,0,0,44,23,124,4,10,55,17,21
207,0,0,0,73,16,185,0,5,8,11,0
208,0,0,0,0,43,146,1,3,60,42,3
209,0,0,0,15,49,130,7,17,37,39,4
210,0,0,0,8,32,126,3,8,61,27,33
211,0,0,0,1,36,129,1,6,76,31,18
212,0,0,0,6,39,152,2,1,54,41,3
213,0,0,0,5,45,108,2,4,87,42,5
214,0,0,0,0,32,95,1,1,93,33,43
215,0,0,1,16,23,12,21,19,88,25,94
216,0,0,0,2,32,143,4,2,50,34,31
217,0,0,0,61,20,184,0,6,12,15,0
218,0,0,0,9,45,146,1,3,51,43,0
219,0,0,0,49,29,155,2,11,30,20,2
220,0,0,0,35,42,138,0,5,42,36,0
221,0,0,0,25,30,103,10,6,65,34,25
222,0,0,0,74,25,168,0,11,6,14,0
223,0,0,0,13,37,158,0,7,51,30,2
224,0,0,0,81,18,178,0,6,4,11,0
225,0,0,0,30,38,140,0,6,50,32,2
226,0,0,0,54,31,162,3,19,14,15,0
227,0,0,0,14,55,131,2,21,38,37,0
228,0,0,0,17,31,173,0,4,43,28,2
229,0,0,0,19,46,139,7,16,25,38,8
230,0,0,0,3,29,80,10,8,88,31,49
231,0,0,0,7,35,177,0,4,41,31,3
232,0,0,0,73,20,178,0,11,6,10,0
233,0,0,0,5,37,86,11,8,89,40,22
234,0,0,0,1,37,162,6,5,46,38,3
235,0,0,0,28,29,172,1,9,32,21,6
236,0,0,0,11,32,190,2,7,28,28,0
237,0,0,1,1,12,39,21,1,84,33,107
238,0,0,0,6,51,138,2,15,38,39,9
239,0,0,0,29,40,145,3,9,38,34,0
240,0,0,0,30,44,135,2,5,40,41,1
241,0,0,0,6,44,145,2,9,54,38,0
242,0,0,0,7,39,178,1,3,31,37,2
243,0,0,1,4,27,3,17,34,94,10,109
244,0,0,0,39,24,139,6,12,38,19,21
245,0,0,0,70,21,166,0,6,20,15,0
246,0,0,0,0,38,161,5,6,52,36,0
247,0,0,0,19,36,154,3,10,41,30,5
248,0,0,0,10,39,140,4,11,50,31,13
249,0,0,0,10,41,173,0,12,34,28,0
250,0,0,0,16,32,81,25,21,42,36,45
251,0,0,0,13,38,180,0,5,28,33,1
252,0,0,0,53,33,130,7,9,31,31,4
253,0,0,0,67,21,174,0,2,15,19,0
254,0,0,0,28,22,196,1,7,22,17,5
255,0,0,0,1,36,49,42,4,80,74,12
256,0,0,0,11,37,162,0,5,50,32,1
257,0,0,0,43,22,138,12,13,43,21,6
258,0,0,0,11,38,155,5,4,38,39,8
259,0,0,0,23,35,153,2,13,44,25,3
260,0,0,0,50,24,186,0,7,14,17,0
261,0,0,0,13,40,167,1,0,35,40,2
262,0,0,0,79,33,134,1,16,16,18,1
263,0,0,0,5,28,91,10,0,75,39,50
264,0,0,0,0,34,165,5,0,39,40,15
265,0,0,0,28,38,144,0,7,44,32,5
266,0,0,1,19,31,5,28,17,95,41,62
267,0,0,0,16,36,160,4,12,27,28,15
268,0,0,0,18,28,171,5,2,39,32,3
269,0,0,0,13,45,139,0,12,54,33,2
270,0,0,0,15,37,183,0,16,26,21,0
271,0,0,0,51,21,142,8,8,43,22,3
272,0,0,0,58,34,155,0,17,17,17,0
273,0,0,0,28,38,76,17,19,59,37,24
274,0,0,0,1,37,97,8,6,81,39,29
275,0,1,1,24,32,17,31,38,56,26,74
276,0,0,0,1,32,199,0,1,33,32,0
277,0,0,1,0,9,7,14,5,112,17,134
278,0,0,0,21,45,118,5,16,57,34,2
279,0,0,0,46,30,171,0,12,21,18,0
280,0,0,0,56,20,181,1,8,17,14,1
281,0,0,0,2,44,70,15,0,83,59,25
282,0,0,0,50,36,138,0,7,38,29,0
283,0,0,0,6,38,146,4,3,55,39,7
284,0,0,0,15,42,117,5,12,52,35,20
285,0,0,0,43,29,182,1,14,11,17,1
286,0,0,1,22,14,19,3,9,104,7,120
287,0,0,0,23,45,151,0,12,31,33,3
288,0,0,0,42,21,202,1,10,8,13,1
289,0,0,0,18,34,89,15,8,64,42,28
290,0,0,0,31,28,185,0,3,26,25,0
291,0,0,0,18,27,183,4,7,35,23,1
292,0,0,0,25,29,177,1,9,35,21,1
293,0,0,0,9,40,80,14,12,67,41,35
294,0,0,0,70,25,145,7,18,16,15,2
295,0,1,1,14,32,40,21,17,84,35,55
296,0,0,0,26,42,133,0,9,52,34,2
297,0,0,0,10,43,146,0,4,48,39,8
298,1,1,1,13,23,6,18,19,100,22,97
299,0,0,0,8,44,149,1,10,49,36,1
300,0,0,0,15,41,133,9,16,41,33,10
301,0,0,0,18,27,197,2,6,23,24,1
302,0,0,0,6,42,131,8,3,52,48,8
303,0,0,1,4,33,26,16,11,112,38,58
304,0,0,0,32,25,189,0,5,25,20,2
305,0,0,0,17,30,187,0,3,34,26,1
306,0,0,0,17,39,98,16,18,61,37,12
307,0,0,0,47,22,178,0,6,28,17,0
308,0,0,1,1,19,36,13,6,103,26,94
309,0,0,0,1,28,97,6,7,61,27,71
310,0,0,0,11,31,95,17,16,42,32,54
311,0,0,0,4,47,136,4,9,52,43,3
312,0,0,0,11,35,86,16,9,58,43,40
313,0,0,1,4,17,68,3,7,94,13,92
314,0,0,0,2,43,146,6,6,41,44,10
315,0,0,0,6,37,155,1,4,59,34,2
316,0,0,0,24,37,156,2,3,39,36,1
317,0,0,0,12,46,147,5,5,32,46,5
318,0,0,0,40,28,181,4,10,10,23,2
319,0,0,0,6,23,102,9,7,54,26,71
320,0,0,0,42,27,183,1,11,15,18,1
321,0,0,0,90,34,131,0,22,9,12,0
322,0,0,1,5,29,9,26,10,118,45,56
323,0,0,0,2,51,98,8,15,76,44,4
324,0,0,0,25,38,124,7,14,45,31,14
325,0,0,0,69,18,187,0,9,5,10,0
326,0,0,0,1,26,124,16,2,63,40,26
327,0,0,0,3,39,109,12,5,57,46,27
328,0,0,0,23,32,76,14,13,65,32,43
329,0,0,0,2,43,152,0,4,57,39,1
330,0,0,0,16,28,61,39,25,38,42,49
331,0,0,0,11,43,144,3,3,49,44,1
332,0,0,0,1,35,147,14,2,39,48,12
333,0,0,0,22,21,156,4,9,40,15,31
334,0,0,0,13,50,136,1,13,47,37,1
335,0,0,0,8,30,173,0,1,49,28,9
336,0,0,0,77,10,191,0,4,9,7,0
337,0,0,0,51,23,168,1,5,29,19,2
338,0,0,0,6,34,103,10,8,77,35,25
339,0,0,0,4,42,146,6,3,52,44,1
340,0,0,0,52,25,162,0,3,32,22,2
341,0,0,1,2,24,53,6,5,103,25,80
342,0,0,0,9,46,156,3,13,34,36,1
343,0,0,0,5,60,119,3,24,47,40,0
344,0,0,0,14,35,140,5,8,58,33,5
345,0,0,0,2,34,96,15,6,76,43,26
346,0,0,0,24,29,187,1,1,24,30,2
347,0,0,0,66,37,109,9,23,21,22,11
348,0,0,0,54,16,189,1,4,21,13,0
349,0,0,0,7,43,125,7,16,53,34,13
350,0,0,0,9,25,114,6,9,59,23,53
351,0,0,0,0,51,117,0,5,66,46,13
352,0,0,0,3,34,63,10,10,83,35,60
353,0,0,0,2,40,128,2,3,58,39,26
354,0,0,0,13,40,145,5,7,48,37,3
355,0,0,0,10,31,88,16,18,59,30,46
356,0,0,0,2,43,155,2,1,43,45,7
357,0,0,0,7,50,68,16,8,75,58,16
358,0,0,1,2,14,11,22,16,96,21,116
359,0,0,0,8,41,168,0,7,37,35,2
360,0,0,0,56,22,190,0,6,5,17,2
361,0,0,0,66,20,179,0,5,13,15,0
362,0,0,0,4,44,152,3,9,38,39,9
363,0,0,0,12,25,108,12,12,46,25,58
364,0,0,0,11,31,67,8,5,108,34,34
365,0,0,0,10,25,167,3,5,29,24,35
366,0,0,0,0,39,149,4,2,55,41,8
367,0,0,0,18,37,105,10,10,65,37,16
368,0,0,0,17,34,144,2,4,45,33,19
369,0,0,0,48,28,150,2,10,39,20,1
370,0,0,0,17,29,173,1,4,44,27,3
371,0,0,0,7,31,85,28,9,36,51,51
372,0,0,0,2,36,92,29,5,67,60,7
373,0,0,0,69,17,181,0,2,14,15,0
374,0,0,0,2,51,135,1,5,57,47,0
375,0,0,0,13,46,136,1,5,48,42,7
376,0,0,0,51,15,191,2,2,18,16,3
377,0,0,0,9,49,140,1,10,35,40,14
378,0,0,0,24,47,136,1,9,41,38,2
379,0,0,0,12,35,162,8,14,32,30,5
380,0,0,0,0,41,182,0,3,33,39,0
381,0,0,0,38,31,181,0,12,16,20,0
382,0,0,0,55,23,177,1,4,18,20,0
383,0,0,0,9,47,123,1,7,68,41,2
384,0,0,0,18,42,136,3,5,45,40,9
385,0,0,0,14,36,158,2,7,47,32,2
386,0,0,0,10,32,179,3,9,33,26,6
387,0,0,0,12,31,118,32,5,40,59,1
388,0,0,0,66,28,163,0,15,12,13,1
389,0,0,0,11,25,193,0,1,42,24,2
390,0,0,0,26,35,104,4,8,58,32,31
391,0,0,0,33,29,173,1,12,32,18,0
392,0,0,0,8,32,82,12,3,76,40,45
393,0,0,0,37,26,192,0,3,16,23,1
394,0,0,0,3,53,83,10,10,76,53,10
395,0,0,0,8,50,86,10,9,75,51,9
396,0,0,0,5,43,147,5,5,47,43,3
397,0,0,0,12,53,118,2,18,55,38,2
398,0,0,0,9,38,168,2,9,35,32,5
399,0,0,0,27,55,116,2,19,40,38,1
400,0,0,0,17,33,111,7,5,60,35,30
401,0,0,0,22,29,90,18,18,29,29,63
402,0,0,0,14,33,164,2,1,47,35,2
403,0,0,0,23,21,149,11,10,33,22,29
404,0,0,0,35,25,189,0,4,24,21,0
405,0,0,1,7,20,15,36,4,93,52,71
406,0,0,0,3,43,157,2,2,46,43,2
407,0,0,0,69,14,200,0,9,1,5,0
408,0,0,0,6,47,130,2,5,64,43,1
409,0,0,1,1,22,18,32,3,100,51,71
410,0,0,0,0,41,174,0,0,42,41,0
411,0,0,0,2,43,158,2,10,48,35,0
412,0,0,1,6,26,45,21,4,81,44,71
413,0,0,0,56,20,177,2,4,21,18,0
414,0,0,0,82,21,174,0,11,0,10,0
415,0,0,0,10,29,169,3,12,45,21,9
416,0,0,0,7,27,76,9,5,93,30,51
417,0,0,0,0,32,215,0,0,18,33,0
418,0,0,0,1,44,158,0,4,40,41,10
419,0,0,0,23,35,158,1,6,44,30,1
420,0,0,0,11,34,118,8,7,61,35,24
421,0,0,0,14,38,165,0,9,42,29,1
422,0,0,0,34,34,103,24,17,37,42,7
423,0,0,0,18,47,105,3,8,66,43,8
424,0,0,0,1,22,75,14,2,71,35,78
425,0,0,0,40,39,106,1,8,57,33,14
426,0,0,0,5,47,144,1,11,52,36,2
427,0,0,1,2,16,9,20,10,82,27,132
428,0,0,0,11,35,141,5,3,55,36,12
429,0,0,0,23,33,179,0,9,29,25,0
430,0,0,0,29,27,44,36,17,65,45,35
431,0,0,0,34,37,162,0,14,28,23,0
432,0,0,1,4,11,5,12,8,103,15,140
433,0,0,0,9,37,170,0,4,42,33,3
434,0,0,1,1,23,42,23,3,103,44,59
435,0,0,0,10,32,189,0,2,35,29,1
436,0,0,0,1,48,129,3,6,55,45,11
437,0,0,0,2,41,148,4,5,42,41,15
438,0,0,0,26,19,113,4,3,43,21,69
439,0,0,0,4,37,154,2,2,46,38,15
440,0,0,0,45,25,200,0,10,3,15,0
441,0,0,0,12,26,90,8,6,74,28,54
442,0,0,0,23,23,43,41,15,52,50,51
443,0,0,0,4,38,164,2,1,47,39,3
444,0,0,1,19,16,12,10,9,83,18,131
445,0,0,0,9,40,156,2,4,46,38,3
446,0,0,0,15,37,137,0,9,72,28,0
447,0,0,0,23,29,188,1,2,27,28,0
448,0,0,0,16,35,95,12,9,50,39,42
449,0,0,0,20,35,172,1,1,34,34,1
450,0,0,0,5,37,192,0,1,27,36,0
451,0,0,0,43,38,145,0,2,33,37,0
452,0,0,0,27,40,143,0,12,44,29,3
453,0,0,0,57,26,185,0,10,4,16,0
454,0,0,0,2,29,123,16,5,47,40,36
455,0,0,0,35,33,149,5,12,32,27,5
456,0,0,0,3,53,156,4,5,24,53,0
457,0,0,0,48,37,172,0,16,4,21,0
458,0,0,0,41,29,169,2,7,26,24,0
459,0,0,0,6,33,195,0,3,30,30,1
460,0,0,0,75,24,119,2,6,50,21,1
461,0,0,0,26,31,154,4,11,28,25,19
462,0,0,1,5,20,37,8,18,103,10,97
463,0,0,0,5,45,154,3,6,40,42,3
464,0,0,0,1,32,189,0,2,42,31,1
465,0,0,0,53,36,163,0,14,10,22,0
466,0,1,1,58,32,43,19,25,53,25,43
467,0,0,0,13,37,23,45,15,82,66,17
468,0,0,0,6,50,143,0,4,44,46,5
469,0,0,0,15,37,145,19,18,16,38,10
470,0,0,1,1,18,15,14,7,117,25,101
471,0,0,0,7,42,137,0,4,70,38,0
472,0,0,0,7,38,88,21,7,68,52,17
473,0,0,0,11,48,131,1,6,57,42,2
474,0,0,0,10,44,135,0,4,64,41,0
475,0,0,0,15,46,156,0,15,35,31,0
476,0,0,0,26,24,101,15,21,33,18,60
477,0,0,0,2,40,144,9,1,49,48,5
478,0,0,0,8,35,78,23,13,66,44,31
479,0,0,0,10,29,53,14,31,50,12,99
480,0,0,0,8,54,83,1,10,85,46,11
481,0,0,0,0,26,69,19,9,74,36,65
482,0,0,0,62,37,136,4,18,19,22,0
483,0,0,0,9,34,127,11,7,53,39,18
484,0,0,1,6,29,47,6,11,115,24,60
485,0,0,0,75,28,149,2,11,14,18,1
486,0,0,0,8,36,115,10,14,60,31,24
487,0,0,0,12,39,143,5,7,49,37,6
488,0,0,0,21,25,56,18,18,79,25,56
489,0,0,0,0,48,136,3,5,57,46,3
490,0,0,0,15,44,128,0,16,64,29,2
491,0,0,0,44,33,157,2,11,24,25,2
492,0,0,0,18,28,129,5,9,47,25,37
493,0,0,0,39,21,201,1,6,14,16,0
494,0,0,0,5,40,160,3,1,41,43,5
495,0,0,0,6,41,158,1,5,49,37,1
496,0,0,0,22,31,144,2,4,55,30,10
497,0,0,0,12,42,160,3,8,25,38,10
498,0,0,0,24,33,172,0,2,36,31,0
499,0,0,0,58,19,195,0,3,6,16,1
500,0,0,0,30,36,169,2,12,20,27,2
501,0,0,0,83,14,150,7,12,8,9,15
502,0,0,0,54,23,119,16,8,26,31,21
503,0,0,0,3,44,110,10,2,68,52,9
504,0,0,0,26,34,172,1,6,29,29,1
505,0,0,0,0,43,128,15,1,49,57,5
506,0,0,0,31,27,152,10,10,27,27,14
507,0,0,0,9,48,145,0,13,47,36,0
508,0,0,0,2,34,104,16,2,72,47,21
509,0,0,0,0,41,150,2,2,55,41,7
510,0,0,0,12,45,88,8,13,70,40,22
511,0,0,1,3,28,28,27,10,93,45,64
512,1,1,1,1,13,3,18,3,121,28,111
513,0,0,0,4,32,189,0,2,40,30,1
514,0,0,0,22,18,117,2,7,50,13,69
515,0,0,0,10,21,87,17,16,35,22,90
516,0,0,0,7,31,150,8,1,52,39,10
517,0,0,0,33,21,215,0,3,7,19,0
518,0,0,0,30,35,171,0,9,26,26,1
519,0,0,0,59,28,160,0,6,21,22,2
520,0,0,0,3,34,58,29,18,57,45,54
521,0,0,0,59,35,141,2,17,23,21,0
522,0,0,0,52,23,176,0,15,24,8,0
523,0,0,1,4,16,14,12,17,130,12,93
524,0,0,0,1,43,97,12,6,83,49,7
525,1,1,1,10,18,2,6,19,110,5,128
526,0,1,1,15,38,14,48,34,49,53,47
527,0,0,0,9,38,135,9,11,34,36,26
528,0,0,0,48,30,128,5,10,41,26,10
529,0,0,1,2,14,0,27,10,105,31,109
530,0,0,0,23,35,137,0,4,55,31,13
531,0,0,0,8,47,86,9,6,61,51,30
532,0,0,0,6,36,162,5,7,48,34,0
533,0,0,0,36,28,179,0,1,24,28,2
534,0,0,0,12,31,89,19,11,69,40,27
535,0,0,0,12,38,90,15,12,71,40,20
536,0,0,0,8,45,109,13,8,52,51,12
537,0,0,0,79,26,148,2,17,15,11,0
538,0,0,0,6,42,150,0,8,52,34,6
539,0,0,0,5,37,161,2,4,52,36,1
540,0,0,0,15,18,112,43,13,15,48,34
541,0,0,0,26,47,141,2,18,32,32,0
542,0,0,0,40,20,191,0,2,26,19,0
543,0,0,0,11,31,178,4,2,27,34,11
544,0,0,0,82,28,129,3,8,26,22,0
545,0,0,0,2,45,120,8,5,55,47,16
546,0,0,0,1,51,103,9,16,55,44,19
547,0,0,0,6,40,129,32,14,16,58,3
548,0,0,0,22,38,86,11,24,70,26,21
549,0,0,0,62,32,133,3,6,31,30,1
550,0,0,0,30,32,186,0,8,16,25,1
551,0,0,0,1,34,113,5,2,88,37,18
552,0,0,0,1,41,132,1,8,60,35,20
553,0,0,0,0,46,157,0,5,49,41,0
554,0,0,0,7,43,117,2,7,63,38,21
555,0,0,0,23,21,107,10,11,52,20,54
556,0,0,0,30,27,170,0,7,42,20,2
557,0,0,0,19,23,62,22,13,67,31,61
558,0,0,0,3,49,155,1,18,38,33,1
559,0,0,0,57,13,208,0,3,6,11,0
560,0,0,0,45,20,140,10,7,39,23,14
561,0,0,0,20,34,182,1,7,26,28,0
562,0,0,0,28,39,135,1,8,55,32,0
563,0,0,0,1,41,168,1,3,43,40,1
564,0,0,0,32,21,193,7,7,12,20,6
565,0,0,0,6,42,113,4,8,56,39,30
566,0,0,0,0,40,123,5,3,81,43,3
567,0,0,0,26,36,179,0,7,20,30,0
568,0,0,0,56,19,196,1,12,5,8,1
569,0,0,0,26,32,175,0,3,33,29,0
570,0,0,0,46,35,110,13,26,37,22,9
571,0,0,0,27,29,85,11,20,55,20,51
572,0,0,0,59,29,161,1,11,17,20,0
573,0,0,0,1,41,126,9,7,51,44,19
574,0,0,0,23,55,107,1,16,54,40,2
575,0,0,0,11,54,130,0,11,49,42,1
576,0,0,0,41,39,88,5,12,71,31,11
577,0,0,0,1,45,115,7,6,68,46,10
578,0,0,0,29,31,169,3,4,25,31,6
579,0,0,0,78,20,167,0,5,12,16,0
580,0,0,0,4,34,141,16,3,45,47,8
581,0,0,0,2,51,117,1,5,76,46,0
582,0,0,0,0,29,190,0,0,49,30,0
583,0,0,0,17,32,152,4,3,42,34,14
584,0,0,0,49,28,169,1,8,17,22,4
585,0,0,0,3,43,42,28,11,82,60,29
586,0,0,0,82,14,183,0,7,5,7,0
587,0,0,1,2,16,3,8,15,89,10,155
588,0,0,0,54,30,156,4,18,18,17,1
589,0,0,0,31,28,167,7,5,25,31,4
590,0,0,0,93,16,160,1,4,10,13,1
591,0,0,0,38,30,161,9,9,19,30,2
592,0,0,0,27,32,163,6,7,25,32,6
593,0,0,0,16,60,98,1,19,58,43,3
594,0,0,0,0,42,147,1,2,64,41,1
595,0,0,0,35,16,191,2,1,29,18,6
596,0,0,0,10,42,145,3,6,53,39,0
597,0,0,0,16,25,139,13,13,37,25,30
598,0,0,0,5,38,109,24,6,53,56,7
599,0,0,0,34,30,156,4,12,29,23,10
600,0,0,0,56,29,146,2,11,30,21,3
601,0,0,0,23,37,111,3,9,78,31,6
602,0,0,0,13,24,58,9,13,83,21,77
603,0,0,0,3,48,122,3,5,69,47,1
604,0,0,0,2,37,141,0,4,64,33,17
605,0,0,0,13,47,106,4,16,63,34,15
606,0,0,0,19,37,172,5,8,22,34,1
607,1,1,1,7,22,12,19,13,93,28,104
608,0,0,0,38,18,202,2,4,15,15,4
609,0,0,0,7,48,137,3,6,52,45,0
610,0,0,0,2,37,138,5,3,46,39,28
611,0,0,0,39,11,107,6,7,57,11,60
612,0,0,0,74,25,122,3,14,32,14,14
613,0,0,0,8,31,112,7,12,61,26,41
614,0,0,0,0,52,145,0,0,49,52,0
615,0,0,0,34,33,160,0,3,36,31,1
616,0,0,0,16,34,159,1,10,45,26,7
617,0,0,0,41,31,162,2,10,25,23,4
618,0,0,0,2,42,146,0,3,62,39,4
619,0,0,0,30,33,127,0,3,75,30,0
620,0,0,0,25,33,183,4,13,16,24,0
621,0,0,0,27,38,156,1,1,36,39,0
622,0,0,0,31,38,141,0,8,50,30,0
623,0,0,0,13,36,159,6,10,35,33,6
624,0,0,0,4,52,117,1,8,68,46,2
625,0,0,0,12,43,143,0,4,56,39,1
626,0,0,0,44,37,160,0,15,21,21,0
627,0,0,0,23,36,153,1,6,45,32,2
628,0,0,0,6,39,180,0,10,34,28,1
629,0,0,0,9,35,120,11,7,56,40,20
630,0,0,0,3,48,141,0,4,58,43,1
631,0,0,0,34,39,147,2,9,32,32,3
632,0,0,0,36,35,150,5,8,30,32,2
633,0,0,1,0,9,2,2,1,140,9,135
634,0,0,0,0,49,131,4,4,53,50,7
635,0,0,0,31,24,153,16,6,25,34,9
636,0,0,0,85,18,170,1,13,6,5,0
637,0,0,0,5,43,144,1,6,61,38,0
638,0,0,0,28,27,165,7,6,33,28,4
639,0,0,0,9,48,146,3,17,39,34,2
640,0,0,0,40,16,195,1,1,25,17,3
641,0,0,0,5,42,134,2,2,63,42,8
642,0,0,1,5,12,2,9,18,117,3,132
643,0,0,0,4,33,75,18,16,74,36,42
644,0,0,0,11,42,61,20,14,81,48,21
645,0,0,0,13,56,152,1,24,18,33,1
646,0,0,0,24,37,169,3,9,24,31,1
647,0,0,0,44,35,164,2,22,16,15,0
648,0,0,0,94,16,152,1,4,17,14,0
649,0,0,0,33,37,163,4,11,19,31,0
650,0,0,0,9,28,182,4,4,42,29,0
651,0,0,0,28,36,97,4,11,54,30,38
652,0,0,0,3,33,173,4,1,46,37,1
653,0,0,0,30,30,180,2,11,24,21,0
654,0,0,0,24,22,139,8,10,41,21,33
655,0,0,0,4,33,190,0,3,35,31,2
656,0,0,0,30,18,209,1,7,17,13,3
657,0,0,0,4,42,129,2,9,72,35,5
658,0,0,0,0,33,198,0,0,33,34,0
659,0,0,0,31,33,155,0,9,45,25,0
660,0,0,0,13,36,148,5,0,41,42,13
661,1,1,1,3,8,2,7,5,142,10,121
662,0,0,0,3,35,51,32,4,71,63,39
663,0,0,0,38,18,163,5,7,37,17,13
664,0,0,0,34,31,160,2,6,29,27,9
665,0,0,0,12,55,106,1,15,61,42,6
666,0,0,0,2,38,170,3,1,41,41,2
667,0,0,0,43,27,177,0,2,23,26,0
668,0,0,0,1,45,112,6,6,54,46,28
669,0,0,0,63,31,166,0,18,7,13,0
670,0,0,0,29,40,133,5,10,43,35,3
671,0,0,0,21,27,51,15,22,48,20,94
672,0,0,0,6,57,136,1,12,37,47,2
673,0,0,0,5,45,171,1,11,29,36,0
674,0,0,0,6,34,33,54,11,66,78,16
675,0,0,0,0,48,114,0,3,88,45,0
676,0,0,0,7,23,114,9,8,59,25,53
677,0,0,0,5,43,132,0,4,66,39,9
678,0,0,0,82,20,158,0,5,18,15,0
679,0,0,0,10,39,146,2,7,52,35,7
680,0,0,0,1,33,189,0,2,41,31,1
681,0,0,0,5,25,58,23,5,100,43,39
682,0,0,0,36,28,169,2,10,31,20,2
683,0,0,0,20,45,124,6,14,35,37,17
684,0,0,0,19,47,144,3,13,34,36,2
685,1,1,1,0,16,1,6,6,129,16,124
686,0,0,0,27,41,144,6,18,21,28,13
687,0,0,0,10,31,209,0,3,16,29,0
688,0,0,0,26,28,164,0,3,52,25,0
689,0,0,0,9,43,142,2,3,45,42,12
690,0,0,0,15,39,98,28,12,38,54,14
691,0,0,0,8,26,58,46,10,68,62,20
692,0,0,0,7,49,131,1,4,59,46,1
693,0,0,1,2,10,21,11,0,84,21,149
694,0,0,1,1,20,63,13,6,90,28,77
695,0,0,0,46,27,173,1,14,23,14,0
696,0,0,0,3,48,144,0,2,54,47,0
697,0,0,0,26,42,133,1,10,48,33,5
698,0,0,0,4,30,153,1,6,62,26,16
699,0,0,0,38,20,198,0,6,21,15,0
700,0,0,0,34,13,218,5,0,9,17,2
701,0,0,0,0,48,90,8,4,91,51,6
702,0,0,0,8,22,67,21,10,56,33,81
703,0,0,0,19,40,153,3,7,40,35,1
704,0,0,0,8,27,100,10,7,76,31,39
705,0,0,0,1,41,71,16,5,95,52,17
706,0,0,0,11,32,102,21,7,64,47,14
707,0,0,0,0,37,159,0,3,41,34,24
708,0,0,0,17,51,151,0,14,27,37,1
709,0,0,0,34,29,119,4,9,57,24,22
710,0,0,0,4,44,133,0,8,72,36,1
711,0,0,0,70,12,177,5,7,11,11,5
712,0,0,0,41,27,181,4,6,13,25,1
713,0,0,1,2,25,46,8,3,99,30,85
714,0,0,0,22,27,118,2,4,47,26,52
715,0,0,0,12,32,123,6,7,52,31,35
716,0,0,0,10,23,84,8,9,51,22,91
717,0,0,0,1,43,145,5,1,55,47,1
718,0,0,0,1,40,114,2,4,79,39,19
719,0,0,0,8,33,171,7,7,36,33,3
720,0,0,0,27,36,101,11,21,64,26,12
721,0,0,0,12,46,95,10,25,63,32,15
722,0,0,0,2,40,140,4,5,58,38,11
723,0,0,0,25,20,118,32,15,35,38,15
724,0,0,0,45,18,89,14,9,46,22,55
725,0,0,0,20,31,143,5,11,56,25,7
726,0,0,0,18,26,106,14,11,58,30,35
727,0,0,0,36,31,145,0,3,53,29,1
728,0,0,0,1,48,102,2,11,76,40,18
729,0,0,1,2,20,40,6,3,89,23,115
730,0,0,0,12,32,172,1,2,46,31,2
731,0,0,0,23,34,104,6,15,74,26,16
732,0,0,0,15,36,126,10,9,62,36,4
733,0,0,0,14,41,141,5,11,47,35,4
734,0,0,0,2,40,109,14,10,54,45,24
735,0,0,0,13,45,13,37,30,61,53,46
736,0,0,0,25,39,155,2,7,34,33,3
737,0,0,0,1,40,173,1,2,41,39,1
738,0,0,0,8,43,134,1,2,67,42,1
739,0,0,1,0,9,1,22,8,113,23,122
740,0,0,0,15,30,110,11,17,61,24,30
741,0,0,0,7,38,121,8,12,42,34,36
742,0,0,0,3,35,160,1,0,62,37,0
743,0,0,1,4,26,58,7,11,98,23,71
744,0,0,0,75,18,182,0,4,5,14,0
745,1,1,1,4,24,41,6,9,119,21,74
746,0,0,0,12,36,181,3,5,25,35,1
747,0,0,0,11,54,134,10,23,21,42,3
748,0,0,0,17,40,114,18,12,38,47,12
749,0,0,0,8,29,117,26,3,36,52,27
750,0,0,0,29,26,190,1,3,23,25,1
751,0,0,0,1,29,68,13,5,76,37,69
752,0,0,1,1,26,21,27,9,100,43,71
753,0,0,0,22,44,115,6,11,55,40,5
754,1,1,1,2,13,4,15,13,111,15,125
755,0,0,0,6,35,101,9,7,89,38,13
756,0,0,0,14,44,138,3,12,46,36,5
757,0,0,0,14,33,166,6,7,28,32,12
758,0,0,0,7,52,109,4,5,67,52,2
759,0,0,0,15,35,130,8,13,61,30,6
760,0,0,0,50,23,153,0,2,49,21,0
761,0,0,0,7,43,81,14,8,88,49,8
762,0,0,0,25,30,179,0,3,32,28,1
763,0,0,1,11,18,2,20,31,80,7,129
764,0,0,1,8,19,5,23,14,85,28,116
765,0,0,0,50,28,116,6,16,52,19,11
766,0,0,0,13,32,150,8,9,35,32,19
767,0,0,0,50,22,197,0,9,7,13,0
768,0,0,0,18,30,111,10,9,66,31,23
769,0,0,0,21,23,191,3,3,29,23,5
770,0,0,0,5,42,166,2,7,39,36,1
771,0,0,0,7,42,139,0,6,65,36,3
772,0,0,0,13,46,130,3,11,54,39,2
773,0,0,0,69,26,147,0,9,29,18,0
774,0,0,0,20,27,171,2,1,42,29,6
775,0,0,0,38,44,150,2,12,18,34,0
776,0,0,0,1,47,127,2,4,70,45,2
777,0,0,0,51,26,148,4,10,33,20,6
778,0,0,0,5,51,145,1,18,43,35,0
779,0,0,0,16,29,179,1,1,40,30,2
780,0,0,0,21,25,100,22,15,49,33,33
781,0,0,0,0,31,132,1,0,77,33,24
782,0,0,0,9,28,75,17,8,78,38,45
783,0,0,0,3,35,192,0,2,33,33,0
784,0,0,0,21,46,104,13,16,47,43,8
785,0,0,1,5,12,0,11,14,67,8,181
786,0,0,0,0,38,140,2,0,75,41,2
787,0,0,0,33,34,110,26,24,21,36,14
788,0,0,0,27,38,155,1,6,37,34,0
789,0,0,0,2,30,104,38,4,49,64,7
790,0,0,0,5,50,133,4,5,44,49,8
791,0,0,0,16,45,121,15,14,36,46,5
792,0,0,0,0,28,150,3,1,52,31,33
793,0,0,0,12,29,85,23,9,49,44,47
794,0,0,0,8,46,146,3,12,43,38,2
795,0,0,0,2,42,87,24,8,65,58,12
796,0,0,0,1,46,166,2,10,35,38,0
797,0,0,0,9,39,114,7,11,52,36,30
798,0,0,0,2,49,172,0,7,26,42,0
799,0,0,0,12,32,165,11,6,24,36,12
800,0,0,0,41,34,149,6,11,26,29,2
801,0,0,0,22,42,127,1,7,63,36,0
802,0,0,0,35,15,226,0,7,6,9,0
803,0,0,0,13,38,160,2,6,42,35,2
804,0,0,0,82,28,122,0,10,31,18,7
805,0,0,0,17,46,147,2,8,35,41,2
806,0,0,0,68,19,191,0,9,1,10,0
807,0,0,0,37,19,182,3,7,24,15,11
808,0,0,0,1,33,150,5,0,64,39,6
809,0,0,0,1,32,116,11,4,60,39,35
810,0,0,0,1,37,132,4,2,55,39,28
811,0,0,0,0,38,177,4,2,37,39,1
812,0,0,0,2,38,137,0,4,71,35,11
813,0,0,0,5,48,141,0,3,56,45,0
814,0,0,0,23,46,134,2,3,43,45,2
815,0,0,0,5,38,151,4,2,51,41,6
816,0,0,0,30,44,120,3,6,53,42,0
817,0,0,0,34,47,142,1,14,25,34,1
818,0,0,0,36,36,144,3,12,34,27,6
819,0,0,0,18,26,71,11,5,66,32,69
820,0,0,0,36,30,173,0,6,24,25,4
821,0,0,0,70,29,158,0,11,11,19,0
822,0,0,0,8,37,83,17,9,80,46,18
823,0,0,0,1,42,138,1,4,73,39,0
824,0,0,0,60,21,128,10,15,35,17,12
825,0,0,0,3,35,118,13,10,54,38,27
826,0,0,0,41,24,195,1,3,12,22,0
827,0,0,0,5,41,107,5,10,75,37,18
828,0,0,0,8,32,128,9,3,69,38,11
829,0,0,0,34,32,158,0,10,23,23,18
830,0,0,0,46,32,167,0,13,19,20,1
831,0,0,0,29,26,194,2,6,19,22,0
832,0,0,0,4,51,143,2,2,41,52,3
833,0,0,0,4,32,94,8,11,59,29,61
834,1,1,1,1,21,0,21,9,100,34,112
835,0,0,0,6,42,164,1,4,42,38,1
836,0,0,0,5,51,130,2,10,49,43,8
837,0,0,0,8,36,157,1,0,54,36,6
838,0,0,0,13,42,124,1,6,70,37,5
839,0,0,1,4,11,2,10,7,111,14,139
840,0,0,0,2,48,152,1,6,44,44,1
841,0,0,0,5,41,158,4,4,45,40,1
842,0,0,0,38,18,176,4,7,35,15,5
843,0,0,0,18,32,159,2,10,44,24,9
844,0,0,0,1,40,162,0,5,54,36,0
845,0,0,0,1,39,114,8,11,83,35,7
846,0,0,0,51,30,169,1,5,13,27,2
847,0,0,0,1,30,110,7,4,74,34,38
848,0,0,0,1,48,154,0,1,47,47,0
849,0,0,0,1,25,85,14,9,64,31,69
850,0,0,0,3,32,111,0,1,65,31,55
851,0,0,0,55,33,161,2,15,12,20,0
852,0,0,0,11,35,134,2,12,62,26,16
853,0,0,0,5,47,118,8,9,50,45,16
854,0,0,0,3,40,143,2,6,49,36,19
855,0,0,0,42,29,158,1,9,33,22,4
856,0,0,0,66,15,177,6,8,8,12,6
857,0,0,0,27,30,108,16,20,39,26,32
858,0,0,1,2,29,56,6,4,116,32,53
859,0,0,0,42,21,209,0,9,4,13,0
860,0,0,0,54,6,115,3,8,54,1,57
861,0,0,0,24,27,109,9,8,64,29,28
862,0,0,0,3,45,141,3,3,45,46,12
863,0,0,0,56,20,175,3,6,11,18,9
864,0,0,0,1,36,173,6,2,38,40,2
865,0,0,0,27,30,157,2,9,42,23,8
866,0,0,0,2,30,213,2,0,17,32,2
867,0,0,0,2,29,73,10,4,98,36,46
868,0,0,0,0,40,119,2,2,90,41,4
869,0,0,0,0,45,131,5,9,51,41,16
870,0,0,0,20,36,162,2,12,39,26,1
871,0,0,0,0,38,155,1,1,51,39,13
872,0,0,0,7,43,160,0,0,40,44,4
873,0,0,0,12,39,86,3,7,87,36,28
874,0,0,1,7,16,23,31,21,70,26,104
875,0,0,1,0,16,13,23,3,88,36,119
876,0,0,1,4,12,0,9,13,122,8,130
877,0,0,0,72,21,142,4,2,31,23,3
878,0,0,0,0,27,104,30,1,61,56,19
879,0,0,0,45,18,129,10,8,55,20,13
880,0,0,0,3,30,35,37,8,99,60,26
881,0,0,0,21,40,84,10,19,75,32,17
882,0,0,0,85,26,143,0,9,18,17,0
883,0,1,1,37,32,122,5,15,41,23,23
884,0,0,1,0,7,10,1,0,121,8,151
885,0,0,0,0,39,157,0,2,61,38,1
886,0,0,0,21,38,120,8,14,57,31,9
887,0,0,0,39,29,181,3,9,13,24,0
888,0,0,0,14,12,98,16,5,76,24,53
889,0,0,0,4,31,67,12,6,104,38,36
890,0,0,0,15,37,153,0,7,55,31,0
891,0,0,0,18,40,133,7,6,48,41,5
892,0,0,0,8,48,140,5,10,30,44,13
893,0,0,0,13,44,54,20,25,67,39,36
894,0,0,0,62,27,121,6,19,24,14,25
895,0,0,0,6,41,66,25,9,67,57,27
896,0,0,0,23,30,45,34,22,70,43,31
897,0,0,0,40,30,149,0,8,46,23,2
898,0,0,0,11,35,151,1,2,62,34,2
899,0,0,0,6,47,117,4,3,61,49,11
900,0,0,0,1,44,158,2,4,41,43,5
901,0,0,0,8,47,136,4,7,46,43,7
902,0,0,0,41,22,147,9,3,45,27,4
903,0,0,0,43,22,207,0,10,4,12,0
904,0,0,1,23,23,10,38,31,63,31,79
905,0,0,1,5,22,23,21,9,113,33,72
906,0,0,0,3,34,101,15,7,50,43,45
907,0,0,0,16,41,53,26,20,84,48,10
908,0,0,0,34,42,131,4,20,39,26,2
909,0,0,1,2,21,1,16,14,115,24,105
910,0,0,0,42,37,166,0,14,16,23,0
911,0,0,0,3,48,170,0,11,28,38,0
912,0,0,0,17,36,127,13,7,38,42,18
913,0,0,1,0,31,51,16,9,73,38,80
914,1,1,1,16,32,19,21,28,80,26,76
915,0,0,0,3,46,129,0,8,73,38,1
916,0,0,0,50,27,156,0,6,38,21,0
917,0,0,0,0,34,95,14,1,75,47,32
918,0,0,0,13,38,176,0,5,31,34,1
919,0,0,0,9,37,125,10,5,51,42,19
920,0,0,0,17,25,125,14,11,49,29,28
921,0,0,0,2,51,133,2,3,55,51,1
922,0,0,0,36,35,168,4,20,16,19,0
923,0,0,0,30,34,136,10,13,39,32,4
924,0,0,0,4,32,159,3,5,55,31,9
925,0,0,0,8,44,128,2,0,67,47,2
926,0,0,0,11,44,138,1,9,53,37,5
927,0,0,0,0,33,103,8,3,59,38,54
928,0,0,0,3,31,111,4,11,69,25,44
929,0,0,0,1,38,136,5,2,63,41,12
930,0,0,0,14,46,115,13,13,47,47,3
931,0,0,0,6,49,65,11,7,76,52,32
932,0,0,0,6,42,116,10,8,67,45,4
933,0,0,0,2,41,165,0,8,46,33,3
934,0,0,0,21,37,129,11,9,49,39,3
935,0,0,0,50,39,144,1,18,23,22,1
936,0,0,0,8,29,144,22,6,29,45,15
937,0,0,0,39,29,144,1,5,54,25,1
938,0,0,0,24,38,122,13,16,36,35,14
939,0,0,0,38,34,141,13,11,20,36,5
940,0,0,0,10,35,182,2,7,21,30,11
941,0,0,0,11,33,82,13,8,62,37,52
942,0,0,0,3,19,88,5,13,68,12,90
943,0,0,0,10,39,169,2,7,36,34,1
944,0,0,0,21,36,153,0,5,52,31,0
945,0,0,0,50,18,195,0,5,17,13,0
946,0,0,0,1,39,171,3,3,37,40,4
947,0,0,0,7,53,124,0,7,61,46,0
948,0,0,0,8,34,120,9,3,77,40,7
949,0,0,0,0,43,146,0,2,63,41,3
950,0,0,0,28,35,147,2,5,38,32,11
951,0,0,0,2,46,146,0,5,59,40,0
952,0,0,0,6,42,92,5,4,92,44,13
953,0,0,0,32,38,132,3,5,49,37,2
954,0,0,0,11,36,129,11,8,49,39,15
955,0,0,0,2,30,34,36,5,85,62,44
956,0,0,0,21,39,15,34,23,86,49,31
957,0,0,0,46,25,186,0,6,16,19,0
958,0,0,0,40,41,114,3,13,51,30,6
959,0,0,0,2,52,131,2,2,56,52,1
960,0,0,0,55,28,153,1,7,31,23,0
961,0,0,0,59,25,154,0,4,34,22,0
962,0,0,0,1,43,140,10,3,48,50,3
963,0,0,0,68,23,150,4,7,26,20,0
964,0,0,0,4,48,122,2,4,67,46,5
965,0,0,0,7,43,78,28,14,46,58,24
966,0,0,0,3,42,135,9,5,35,47,22
967,0,0,0,17,26,113,16,10,55,33,28
968,0,0,0,23,44,139,1,15,38,31,7
969,0,0,0,37,33,126,11,5,35,40,11
970,0,0,0,7,28,118,7,7,64,28,39
971,0,0,0,11,29,84,9,16,67,22,60
972,0,0,0,10,45,137,6,9,44,42,5
973,0,0,0,39,33,152,1,5,39,29,0
974,0,0,0,53,27,167,1,11,22,17,0
975,0,0,0,5,54,80,11,18,82,48,0
976,0,0,0,40,31,157,0,6,39,25,0
977,0,0,0,14,31,185,2,7,32,26,1
978,0,0,0,2,53,134,0,10,49,43,7
979,0,0,0,0,40,185,0,2,34,37,0
980,0,0,0,11,34,148,4,9,53,30,9
981,0,0,0,38,41,152,0,14,26,27,0
982,0,0,0,4,37,170,4,3,37,38,5
983,0,0,0,17,33,157,6,7,42,32,4
984,0,0,1,0,3,0,2,4,131,1,157
985,0,0,0,7,39,144,2,8,35,34,29
986,0,0,0,29,43,149,0,9,33,34,1
987,0,0,0,0,28,92,10,8,83,31,46
988,0,0,0,11,46,134,1,2,60,44,0
989,0,0,0,36,19,203,0,3,18,17,2
990,0,0,1,0,18,8,20,0,142,38,72
991,0,0,0,1,43,167,0,4,43,40,0
992,0,0,0,3,42,151,3,9,49,37,4
993,0,0,0,8,38,155,5,4,46,40,2
994,0,0,0,14,41,139,7,8,47,40,2
995,0,0,0,11,50,125,4,15,45,39,9
996,0,0,0,7,36,153,7,6,48,38,3
997,0,0,0,8,36,83,24,13,70,47,17
998,1,1,1,6,41,13,37,12,90,66,33
999,0,0,0,22,30,172,1,2,40,30,1
1000,0,0,0,28,24,183,7,9,22,23,2
1001,0,0,0,3,51,88,9,4,87,56,0
